INSERT INTO `taxi` (`id`, `type_id`, `name`, `luggage`, `num_of_seat`, `price`, `state`) VALUES
('CCCT1', '0', 'City Car CAN THO', '2 hành lý', '4 ghế', 508000, 'Free'),
('CCCT2', '0', 'City Car CAN THO', '2 hành lý', '4 ghế', 711200, 'Free'),
('CCCT3', '0', 'City Car CAN THO', '2 hành lý', '4 ghế', 1016000, 'Free'),
('CCDL1', '0', 'City Car DA LAT', '2 hành lý', '4 ghế', 508000, 'Free'),
('CCDL2', '0', 'City Car DA LAT', '2 hành lý', '4 ghế', 711200, 'Free'),
('CCDL3', '0', 'City Car DA LAT', '2 hành lý', '4 ghế', 1016000, 'Free'),
('CCDN1', '0', 'City Car DA NANG', '2 hành lý', '4 ghế', 508000, 'Free'),
('CCDN2', '0', 'City Car DA NANG', '2 hành lý', '4 ghế', 711200, 'Free'),
('CCDN3', '0', 'City Car DA NANG', '2 hành lý', '4 ghế', 1016000, 'Free'),
('CCH-NT1', '0', 'City Car HCMC - NHA TRANG', '2 hành lý', '4 ghế', 1016000, 'Free'),
('CCH-TD1', '0', 'City Car HCMC - THU DUC', '2 hành lý', '4 ghế', 508000, 'Free'),
('CCH-VT1', '0', 'City Car HCMC - VUNG TAU', '2 hành lý', '4 ghế', 711200, 'Free'),
('CCH1', '0', 'City Car HCMC', '2 hành lý', '4 ghế', 508000, 'Free'),
('CCH2', '0', 'City Car HCMC', '2 hành lý', '4 ghế', 711200, 'Free'),
('CCH3', '0', 'City Car HCMC', '2 hành lý', '4 ghế', 1016000, 'Free'),
('CCHN1', '0', 'City Car HA NOI', '2 hành lý', '4 ghế', 508000, 'Free'),
('CCHN2', '0', 'City Car HA NOI', '2 hành lý', '4 ghế', 711200, 'Free'),
('CCHN3', '0', 'City Car HA NOI', '2 hành lý', '4 ghế', 1016000, 'Free'),
('CCHP1', '0', 'City Car HAI PHONG', '2 hành lý', '4 ghế', 508000, 'Free'),
('CCHP2', '0', 'City Car HAI PHONG', '2 hành lý', '4 ghế', 711200, 'Free'),
('CCHP3', '0', 'City Car HAI PHONG', '2 hành lý', '4 ghế', 1016000, 'Free'),
('HC1', '1', 'Honda City', '2 hành lý', '4 ghế', 883920, 'Free'),
('HC2', '1', 'Honda City', '2 hành lý', '4 ghế', 1264920, 'Free'),
('HGI1', '1', 'Hyundai Grand i10', '2 hành lý', '4 ghế', 589280, 'Free'),
('HGI2', '1', 'Hyundai Grand i10', '2 hành lý', '4 ghế', 883920, 'Free'),
('KC1', '1', 'Kia Cerato', '2 hành lý', '4 ghế', 985520, 'Free'),
('KC2', '1', 'Kia Cerato', '2 hành lý', '4 ghế', 1402080, 'Free'),
('KM1', '1', 'Kia Morning', '2 hành lý', '4 ghế', 589280, 'Free'),
('KM2', '1', 'Kia Morning', '2 hành lý', '4 ghế', 883920, 'Free'),
('M31', '1', 'Mazda 3', '2 hành lý', '4 ghế', 1066800, 'Free'),
('M32', '1', 'Mazda 3', '2 hành lý', '4 ghế', 1600200, 'Free'),
('MX1', '1', 'Mitsubishi Xpander', '4 hành lý', '7 ghế', 1041400, 'Free'),
('MX2', '1', 'Mitsubishi Xpander', '4 hành lý', '7 ghế', 1544320, 'Free'),
('SCT-LB-LP1', '0', 'Sedan CAN THO - LIANG BIANG - LINH PHUOC', '2 hành lý', '4 ghế', 1828800, 'Free'),
('SCT1', '0', 'Sedan CAN THO', '2 hành lý', '4 ghế', 579120, 'Free'),
('SCT2', '0', 'Sedan CAN THO', '2 hành lý', '4 ghế', 812800, 'Free'),
('SCT3', '0', 'Sedan CAN THO', '3 hành lý', '3 ghế', 1102360, 'Free'),
('SCT4', '0', 'Sedan CAN THO', '2 hành lý', '4 ghế', 1219200, 'Free'),
('SCT5', '0', 'Sedan CAN THO', '3 hành lý', '3 ghế', 1466088, 'Free'),
('SDL-LB-LP1', '0', 'Sedan DA LAT - LIANG BIANG - LINH PHUOC', '2 hành lý', '4 ghế', 1828800, 'Free'),
('SDL1', '0', 'Sedan DA LAT', '2 hành lý', '4 ghế', 579120, 'Free'),
('SDL2', '0', 'Sedan DA LAT', '2 hành lý', '4 ghế', 812800, 'Free'),
('SDL3', '0', 'Sedan DA LAT', '3 hành lý', '3 ghế', 1102360, 'Free'),
('SDL4', '0', 'Sedan DA LAT', '2 hành lý', '4 ghế', 1219200, 'Free'),
('SDL5', '0', 'Sedan DA LAT', '3 hành lý', '3 ghế', 1466088, 'Free'),
('SDN-BNT1', '0', 'Sedan DA NANG - BA NA/THAN TAI', '2 hành lý', '4 ghế', 1466088, 'Free'),
('SDN-H1', '0', 'Sedan DA NANG - HUE', '2 hành lý', '4 ghế', 3107944, 'Free'),
('SDN-HA1', '0', 'Sedan DA NANG - HOI AN', '2 hành lý', '4 ghế', 1653032, 'Free'),
('SDN-HA2', '0', 'Sedan DA NANG - HOI AN', '2 hành lý', '4 ghế', 1828800, 'Free'),
('SDN1', '0', 'Sedan DA NANG', '2 hành lý', '4 ghế', 579120, 'Free'),
('SDN2', '0', 'Sedan DA NANG', '3 hành lý', '3 ghế', 812800, 'Free'),
('SDN3', '0', 'Sedan DA NANG', '3 hành lý', '3 ghế', 1219200, 'Free'),
('SH-BD1', '0', 'Sedan HCMC - BINH DUONG', '2 hành lý', '4 ghế', 579120, 'Free'),
('SH-CC1', '0', 'Sedan HCMC - CHU CHI', '2 hành lý', '4 ghế', 2328672, 'Free'),
('SH-CC2', '0', 'Sedan HCMC - CHU CHI', '2 hành lý', '4 ghế', 3024632, 'Free'),
('SH-CT1', '0', 'Sedan HCMC - CAN THO', '2 hành lý', '4 ghế', 4572000, 'Free'),
('SH-LHTT1', '0', 'Sedan  HCMC - LONG HAI/LONG TAN/VUNG TAU', '2 hành lý', '4 ghế', 3565144, 'Free'),
('SH-NT1', '0', 'Sedan HCMC - NHA TRANG', '3 hành lý', '3 ghế', 812800, 'Free'),
('SH-TD1', '0', 'SUV HCMC - THU DUC', '5 hành lý', '5 ghế', 1320800, 'Free'),
('SH1', '0', 'Sedan HCMC', '2 hành lý', '4 ghế', 579120, 'Free'),
('SH2', '0', 'Sedan HCMC', '3 hành lý', '3 ghế', 812800, 'Free'),
('SH3', '0', 'Sedan HCMC', '3 hành lý', '3 ghế', 1219200, 'Free'),
('SHDL1', '0', 'SUV HCMC DA LAT', '5 hành lý', '5 ghế', 680720, 'Free'),
('SHN-CP1', '0', 'Sedan HA NOI - CUC PHUONG', '2 hành lý', '4 ghế', 3294888, 'Free'),
('SHN-HL&TC1', '0', 'Sedan HA NOI - HOA LU & TAM COC', '2 hành lý', '4 ghế', 2743200, 'Free'),
('SHN-HL1', '0', 'Sedan HA NOI - HA LONG', '2 hành lý', '4 ghế', 4572000, 'Free'),
('SHN1', '0', 'Sedan HA NOI', '2 hành lý', '4 ghế', 579120, 'Free'),
('SHN2', '0', 'Sedan HA NOI', '3 hành lý', '3 ghế', 762000, 'Free'),
('SHN3', '0', 'Sedan HA NOI', '3 hành lý', '3 ghế', 1219200, 'Free'),
('SHP-LB-LP1', '0', 'Sedan HAI PHONG - LIANG BIANG - LINH PHUOC', '2 hành lý', '4 ghế', 1828800, 'Free'),
('SHP1', '0', 'Sedan HAI PHONG', '2 hành lý', '4 ghế', 579120, 'Free'),
('SHP2', '0', 'Sedan HAI PHONG', '2 hành lý', '4 ghế', 812800, 'Free'),
('SHP3', '0', 'Sedan HAI PHONG', '3 hành lý', '3 ghế', 1102360, 'Free'),
('SHP4', '0', 'Sedan HAI PHONG', '2 hành lý', '4 ghế', 1219200, 'Free'),
('SHP5', '0', 'Sedan HAI PHONG', '3 hành lý', '3 ghế', 1466088, 'Free'),
('SHTD1', '0', 'Sedan HCMC THU DUC', '3 hành lý', '3 ghế', 1219200, 'Free'),
('TF1', '1', 'Toyota Fortuner', '4 hành lý', '7 ghế', 1193800, 'Free'),
('TI1', '1', 'Toyota Innova', '4 hành lý', '7 ghế', 1041400, 'Free'),
('TV1', '1', 'Toyota Vios', '2 hành lý', '4 ghế', 883920, 'Free'),
('TV2', '1', 'Toyota Vios', '2 hành lý', '4 ghế', 1264920, 'Free'),
('VCT-LB-LP1', '0', 'Van CAN THO - LIANG BIANG - LINH PHUOC', '10 hành lý', '16 ghế', 2743200, 'Free'),
('VCT1', '0', 'Van CAN THO', '8 hành lý', '8 ghế', 1726184, 'Free'),
('VCT2', '0', 'Van CAN THO', '8 hành lý', '8 ghế', 2380488, 'Free'),
('VDL-LB-LP1', '0', 'Van DA LAT - LIANG BIANG - LINH PHUOC', '10 hành lý', '16 ghế', 2743200, 'Free'),
('VDL1', '0', 'Van DA LAT', '8 hành lý', '8 ghế', 1726184, 'Free'),
('VDL2', '0', 'Van DA LAT', '8 hành lý', '8 ghế', 2380488, 'Free'),
('VDN-BNT1', '0', 'Van DA NANG - BA NA/THAN TAI', '10 hành lý', '16 ghế', 1828800, 'Free'),
('VDN-H1', '0', 'Van DA NANG - HUE', '10 hành lý', '16 ghế', 4572000, 'Free'),
('VDN-HA1', '0', 'Van DA NANG - HOI AN', '10 hành lý', '16 ghế', 2286000, 'Free'),
('VDN-HA2', '0', 'Van DA NANG - HOI AN', '10 hành lý', '16 ghế', 2380488, 'Free'),
('VDN1', '0', 'Van DA NANG', '8 hành lý', '8 ghế', 1653032, 'Free'),
('VDN2', '0', 'Van DA NANG', '8 hành lý', '8 ghế', 3200400, 'Free'),
('VF1', '1', 'VinFast Fadil', '2 hành lý', '4 ghế', 589280, 'Free'),
('VF2', '1', 'VinFast Fadil', '2 hành lý', '4 ghế', 883920, 'Free'),
('VH-CC1', '0', 'Van HCMC - CHU CHI', '10 hành lý', '16 ghế', 2504440, 'Free'),
('VH-CT1', '0', 'Van HCMC - CAN THO', '10 hành lý', '16 ghế', 5300472, 'Free'),
('VH-LHTT1', '0', 'Van HCMC - LONG HAI/LONG TAN/VUNG TAU', '10 hành lý', '16 ghế', 4022344, 'Free'),
('VH1', '0', 'Van HCMC', '8 hành lý', '8 ghế', 1393952, 'Free'),
('VH2', '0', 'Van HCMC', '8 hành lý', '8 ghế', 2286000, 'Free'),
('VHN-CP1', '0', 'Van  HA NOI - CUC PHUONG', '10 hành lý', '16 ghế', 4572000, 'Free'),
('VHN-HL&TC1', '0', 'Van HA NOI - HOA LU & TAM COC', '10 hành lý', '16 ghế', 3657600, 'Free'),
('VHN-HL1', '0', 'Van  HA NOI - HA LONG', '10 hành lý', '16 ghế', 6400800, 'Free'),
('VHN1', '0', 'Van HA NOI', '8 hành lý', '8 ghế', 1270000, 'Free'),
('VHN2', '0', 'Van HA NOI', '8 hành lý', '8 ghế', 2159000, 'Free'),
('VHP-LB-LP1', '0', 'Van HAI PHONG - LIANG BIANG - LINH PHUOC', '10 hành lý', '16 ghế', 2743200, 'Free'),
('VHP1', '0', 'Van HAI PHONG', '8 hành lý', '8 ghế', 1726184, 'Free'),
('VHP2', '0', 'Van HAI PHONG', '8 hành lý', '8 ghế', 2380488, 'Free');

INSERT INTO `taxi_area` (`id`, `pick_point`) VALUES
(1, 'Tân Sơn Nhất International Airport (SGN) '),
(2, 'Nội Bài International Airport (HAN) '),
(3, 'Đà Nẵng '),
(4, 'Đà Lạt '),
(5, 'TP Hồ Chí Minh '),
(6, 'Hà Nội '),
(7, 'Hải Phòng '),
(8, 'Cần Thơ ');


INSERT INTO `taxi_area_detail` (`pick_point_id`, `taxi_id`) VALUES
(1, 'CCH1'),
(1, 'SH1'),
(1, 'SH1'),
(1, 'CCH2'),
(1, 'SH2'),
(1, 'SH2'),
(1, 'CCH3'),
(1, 'SH3'),
(1, 'SH3'),
(1, 'VH1'),
(1, 'VH2'),
(1, 'SH-CC1'),
(1, 'SH-CC1'),
(1, 'VH-CC1'),
(1, 'SH-CC2'),
(1, 'SH-CC2'),
(1, 'VH-CC1'),
(1, 'SH-LHTT1'),
(1, 'SH-LHTT1'),
(1, 'VH-LHTT1'),
(1, 'SH-CT1'),
(1, 'SH-CT1'),
(1, 'VH-CT1'),
(1, 'HGI1'),
(1, 'KM1'),
(1, 'VF1'),
(1, 'TV1'),
(1, 'HC1'),
(1, 'KC1'),
(1, 'TI1'),
(1, 'MX1'),
(1, 'M31'),
(1, 'TF1'),
(2, 'CCHN1'),
(2, 'SHN1'),
(2, 'SHN1'),
(2, 'CCHN2'),
(2, 'SHN2'),
(2, 'SHN2'),
(2, 'CCHN3'),
(2, 'SHN3'),
(2, 'VHN1'),
(2, 'SHN3'),
(2, 'VHN2'),
(2, 'SHN-HL&TC1'),
(2, 'SHN-HL&TC1'),
(2, 'SHN-CP1'),
(2, 'SHN-CP1'),
(2, 'VHN-HL&TC1'),
(2, 'SHN-HL1'),
(2, 'VHN-CP1'),
(2, 'SHN-HL1'),
(2, 'VHN-HL1'),
(3, 'CCDN1'),
(3, 'SDN1'),
(3, 'SDN1'),
(3, 'CCDN2'),
(3, 'SDN2'),
(3, 'SDN2'),
(3, 'CCDN3'),
(3, 'SDN3'),
(3, 'SDN3'),
(3, 'SDN-BNT1'),
(3, 'SDN-HA1'),
(3, 'VDN1'),
(3, 'SDN-HA2'),
(3, 'VDN-BNT1'),
(3, 'SDN-BNT1'),
(3, 'SDN-HA1'),
(3, 'VDN-HA1'),
(3, 'VDN-HA2'),
(3, 'SDN-HA2'),
(3, 'SDN-H1'),
(3, 'VDN2'),
(3, 'SDN-H1'),
(3, 'VDN-H1'),
(3, 'KM2'),
(3, 'HGI2'),
(3, 'VF2'),
(3, 'TV2'),
(3, 'HC2'),
(3, 'KC2'),
(3, 'MX2'),
(3, 'M32'),
(3, 'CCDN1'),
(3, 'SDN1'),
(3, 'SDN1'),
(3, 'CCDN2'),
(3, 'SDN2'),
(3, 'SDN2'),
(3, 'CCDN3'),
(3, 'SDN3'),
(3, 'SDN3'),
(3, 'SDN-BNT1'),
(3, 'SDN-HA1'),
(3, 'VDN1'),
(3, 'SDN-HA2'),
(3, 'VDN-BNT1'),
(3, 'SDN-BNT1'),
(3, 'SDN-HA1'),
(3, 'VDN-HA1'),
(3, 'VDN-HA2'),
(3, 'SDN-HA2'),
(3, 'SDN-H1'),
(3, 'VDN2'),
(3, 'SDN-H1'),
(3, 'VDN-H1'),
(4, 'CCDL1'),
(4, 'SDL1'),
(4, 'SDL1'),
(4, 'CCDL2'),
(4, 'SDL2'),
(4, 'SDL2'),
(4, 'CCDL3'),
(4, 'SDL3'),
(4, 'SDL4'),
(4, 'SDL3'),
(4, 'SDL4'),
(4, 'SDL5'),
(4, 'VDL1'),
(4, 'SDL-LB-LP1'),
(4, 'SDL5'),
(4, 'SDL-LB-LP1'),
(4, 'VDL2'),
(4, 'VDL-LB-LP1'),
(5, 'CCH-TD1'),
(5, 'SH-BD1'),
(5, 'SHDL1'),
(5, 'CCH-VT1'),
(5, 'SH-NT1'),
(5, 'SH-NT1'),
(5, 'CCH-NT1'),
(5, 'SHTD1'),
(5, 'SH-TD1'),
(5, 'VH1'),
(5, 'VH2'),
(5, 'SH-CC1'),
(5, 'SH-CC1'),
(5, 'VH-CC1'),
(5, 'SH-CC2'),
(5, 'SH-CC2'),
(5, 'VH-CC1'),
(5, 'SH-LHTT1'),
(5, 'SH-LHTT1'),
(5, 'VH-LHTT1'),
(5, 'SH-CT1'),
(5, 'SH-CT1'),
(5, 'VH-CT1'),
(5, 'HGI1'),
(5, 'KM1'),
(5, 'VF1'),
(5, 'TV1'),
(5, 'HC1'),
(5, 'KC1'),
(5, 'TI1'),
(5, 'MX1'),
(5, 'M31'),
(5, 'TF1'),
(6, 'CCHN1'),
(6, 'SHN1'),
(6, 'SHN1'),
(6, 'CCHN2'),
(6, 'SHN2'),
(6, 'SHN2'),
(6, 'CCHN3'),
(6, 'SHN3'),
(6, 'VHN1'),
(6, 'SHN3'),
(6, 'VHN2'),
(6, 'SHN-HL&TC1'),
(6, 'SHN-HL&TC1'),
(6, 'SHN-CP1'),
(6, 'SHN-CP1'),
(6, 'VHN-HL&TC1'),
(6, 'SHN-HL1'),
(6, 'VHN-CP1'),
(6, 'SHN-HL1'),
(6, 'VHN-HL1'),
(7, 'CCHP1'),
(7, 'SHP1'),
(7, 'SHP1'),
(7, 'CCHP2'),
(7, 'SHP2'),
(7, 'SHP2'),
(7, 'CCHP3'),
(7, 'SHP3'),
(7, 'SHP4'),
(7, 'SHP3'),
(7, 'SHP4'),
(7, 'SHP5'),
(7, 'VHP1'),
(7, 'SHP-LB-LP1'),
(7, 'SHP5'),
(7, 'SHP-LB-LP1'),
(7, 'VHP2'),
(7, 'VHP-LB-LP1'),
(8, 'CCCT1'),
(8, 'SCT1'),
(8, 'SCT1'),
(8, 'CCCT2'),
(8, 'SCT2'),
(8, 'SCT2'),
(8, 'CCCT3'),
(8, 'SCT3'),
(8, 'SCT4'),
(8, 'SCT3'),
(8, 'SCT4'),
(8, 'SCT5'),
(8, 'VCT1'),
(8, 'SCT-LB-LP1'),
(8, 'SCT5'),
(8, 'SCT-LB-LP1'),
(8, 'VCT2'),
(8, 'VCT-LB-LP1');